А. П. Чехов;2
А. П. Чехов;13
А. П. Чехов;4
А. П. Чехов;7
А. П. Чехов;11
А. П. Чехов;37
А. П. Чехов;8
А. П. Чехов;23
А. П. Чехов;5
А. П. Чехов;19
А. П. Чехов;24
А. П. Чехов;37
А. П. Чехов;15
А. П. Чехов;23
А. П. Чехов;2
А. П. Чехов;4
А. П. Чехов;4
А. П. Чехов;5
А. П. Чехов;9
А. П. Чехов;19
А. П. Чехов;22
А. П. Чехов;47
А. П. Чехов;3
А. П. Чехов;3
А. П. Чехов;9
А. П. Чехов;12
А. П. Чехов;20
А. П. Чехов;31
А. П. Чехов;5
А. П. Чехов;13
А. П. Чехов;18
А. П. Чехов;20
А. П. Чехов;3
А. П. Чехов;4
А. П. Чехов;6
А. П. Чехов;7
А. П. Чехов;7
А. П. Чехов;7
А. П. Чехов;9
А. П. Чехов;9
А. П. Чехов;9
А. П. Чехов;11
А. П. Чехов;13
А. П. Чехов;14
А. П. Чехов;16
А. П. Чехов;16
А. П. Чехов;17
А. П. Чехов;18
А. П. Чехов;21
А. П. Чехов;27
А. П. Чехов;30
А. П. Чехов;35
А. П. Чехов;1
А. П. Чехов;1
А. П. Чехов;2
А. П. Чехов;2
А. П. Чехов;3
А. П. Чехов;3
А. П. Чехов;3
А. П. Чехов;3
А. П. Чехов;3
А. П. Чехов;3
А. П. Чехов;3
А. П. Чехов;4
А. П. Чехов;4
А. П. Чехов;4
А. П. Чехов;4
А. П. Чехов;4
А. П. Чехов;4
А. П. Чехов;4
А. П. Чехов;4
А. П. Чехов;4
А. П. Чехов;4
А. П. Чехов;4
А. П. Чехов;5
А. П. Чехов;5
А. П. Чехов;5
А. П. Чехов;5
А. П. Чехов;5
А. П. Чехов;5
А. П. Чехов;5
А. П. Чехов;5
А. П. Чехов;5
А. П. Чехов;6
А. П. Чехов;6
А. П. Чехов;6
А. П. Чехов;6
А. П. Чехов;6
А. П. Чехов;6
А. П. Чехов;6
А. П. Чехов;6
А. П. Чехов;6
А. П. Чехов;6
А. П. Чехов;7
А. П. Чехов;7
А. П. Чехов;7
А. П. Чехов;7
А. П. Чехов;7
А. П. Чехов;7
А. П. Чехов;7
А. П. Чехов;7
А. П. Чехов;7
А. П. Чехов;8
А. П. Чехов;8
А. П. Чехов;8
А. П. Чехов;8
А. П. Чехов;8
А. П. Чехов;8
А. П. Чехов;8
А. П. Чехов;8
А. П. Чехов;8
А. П. Чехов;8
А. П. Чехов;8
А. П. Чехов;8
А. П. Чехов;8
А. П. Чехов;8
А. П. Чехов;8
А. П. Чехов;8
А. П. Чехов;9
А. П. Чехов;9
А. П. Чехов;9
А. П. Чехов;10
А. П. Чехов;10
А. П. Чехов;10
А. П. Чехов;10
А. П. Чехов;10
А. П. Чехов;10
А. П. Чехов;10
А. П. Чехов;11
А. П. Чехов;11
А. П. Чехов;11
А. П. Чехов;11
А. П. Чехов;11
А. П. Чехов;12
А. П. Чехов;12
А. П. Чехов;12
А. П. Чехов;12
А. П. Чехов;12
А. П. Чехов;12
А. П. Чехов;12
А. П. Чехов;13
А. П. Чехов;13
А. П. Чехов;13
А. П. Чехов;13
А. П. Чехов;13
А. П. Чехов;13
А. П. Чехов;13
А. П. Чехов;13
А. П. Чехов;14
А. П. Чехов;14
А. П. Чехов;14
А. П. Чехов;14
А. П. Чехов;14
А. П. Чехов;14
А. П. Чехов;14
А. П. Чехов;14
А. П. Чехов;14
А. П. Чехов;15
А. П. Чехов;15
А. П. Чехов;15
А. П. Чехов;15
А. П. Чехов;15
А. П. Чехов;16
А. П. Чехов;16
А. П. Чехов;17
А. П. Чехов;17
А. П. Чехов;17
А. П. Чехов;17
А. П. Чехов;17
А. П. Чехов;17
А. П. Чехов;18
А. П. Чехов;18
А. П. Чехов;18
А. П. Чехов;19
А. П. Чехов;20
А. П. Чехов;20
А. П. Чехов;21
А. П. Чехов;21
А. П. Чехов;21
А. П. Чехов;21
А. П. Чехов;22
А. П. Чехов;23
А. П. Чехов;23
А. П. Чехов;23
А. П. Чехов;24
А. П. Чехов;24
А. П. Чехов;24
А. П. Чехов;24
А. П. Чехов;24
А. П. Чехов;26
А. П. Чехов;27
А. П. Чехов;27
А. П. Чехов;27
А. П. Чехов;29
А. П. Чехов;29
А. П. Чехов;30
А. П. Чехов;31
А. П. Чехов;31
А. П. Чехов;32
А. П. Чехов;33
А. П. Чехов;42
А. П. Чехов;43
А. П. Чехов;47
А. П. Чехов;56
А. П. Чехов;77
А. П. Чехов;78
А. П. Чехов;103
А. П. Чехов;1
А. П. Чехов;1
А. П. Чехов;1
А. П. Чехов;2
А. П. Чехов;2
А. П. Чехов;2
А. П. Чехов;2
А. П. Чехов;2
А. П. Чехов;2
А. П. Чехов;2
А. П. Чехов;2
А. П. Чехов;3
А. П. Чехов;3
А. П. Чехов;3
А. П. Чехов;3
А. П. Чехов;3
А. П. Чехов;3
А. П. Чехов;3
А. П. Чехов;3
А. П. Чехов;3
А. П. Чехов;3
А. П. Чехов;3
А. П. Чехов;4
А. П. Чехов;4
А. П. Чехов;4
А. П. Чехов;4
А. П. Чехов;4
А. П. Чехов;4
А. П. Чехов;4
А. П. Чехов;4
А. П. Чехов;4
А. П. Чехов;4
А. П. Чехов;4
А. П. Чехов;4
А. П. Чехов;4
А. П. Чехов;4
А. П. Чехов;4
А. П. Чехов;4
А. П. Чехов;4
А. П. Чехов;4
А. П. Чехов;4
А. П. Чехов;4
А. П. Чехов;5
А. П. Чехов;5
А. П. Чехов;5
А. П. Чехов;5
А. П. Чехов;5
А. П. Чехов;5
А. П. Чехов;5
А. П. Чехов;5
А. П. Чехов;6
А. П. Чехов;6
А. П. Чехов;6
А. П. Чехов;6
А. П. Чехов;6
А. П. Чехов;6
А. П. Чехов;6
А. П. Чехов;6
А. П. Чехов;6
А. П. Чехов;7
А. П. Чехов;7
А. П. Чехов;7
А. П. Чехов;7
А. П. Чехов;7
А. П. Чехов;7
А. П. Чехов;7
А. П. Чехов;7
А. П. Чехов;7
А. П. Чехов;7
А. П. Чехов;7
А. П. Чехов;7
А. П. Чехов;7
А. П. Чехов;8
А. П. Чехов;8
А. П. Чехов;8
А. П. Чехов;8
А. П. Чехов;8
А. П. Чехов;8
А. П. Чехов;8
А. П. Чехов;9
А. П. Чехов;9
А. П. Чехов;9
А. П. Чехов;9
А. П. Чехов;9
А. П. Чехов;9
А. П. Чехов;9
А. П. Чехов;9
А. П. Чехов;9
А. П. Чехов;9
А. П. Чехов;9
А. П. Чехов;10
А. П. Чехов;10
А. П. Чехов;10
А. П. Чехов;10
А. П. Чехов;10
А. П. Чехов;10
А. П. Чехов;11
А. П. Чехов;11
А. П. Чехов;11
А. П. Чехов;11
А. П. Чехов;11
А. П. Чехов;11
А. П. Чехов;11
А. П. Чехов;11
А. П. Чехов;11
А. П. Чехов;11
А. П. Чехов;11
А. П. Чехов;11
А. П. Чехов;11
А. П. Чехов;12
А. П. Чехов;12
А. П. Чехов;12
А. П. Чехов;12
А. П. Чехов;12
А. П. Чехов;13
А. П. Чехов;13
А. П. Чехов;13
А. П. Чехов;13
А. П. Чехов;13
А. П. Чехов;13
А. П. Чехов;13
А. П. Чехов;13
А. П. Чехов;13
А. П. Чехов;13
А. П. Чехов;13
А. П. Чехов;13
А. П. Чехов;14
А. П. Чехов;14
А. П. Чехов;14
А. П. Чехов;14
А. П. Чехов;14
А. П. Чехов;14
А. П. Чехов;14
А. П. Чехов;14
А. П. Чехов;15
А. П. Чехов;15
А. П. Чехов;15
А. П. Чехов;15
А. П. Чехов;15
А. П. Чехов;15
А. П. Чехов;15
А. П. Чехов;15
А. П. Чехов;16
А. П. Чехов;16
А. П. Чехов;16
А. П. Чехов;16
А. П. Чехов;16
А. П. Чехов;16
А. П. Чехов;17
А. П. Чехов;17
А. П. Чехов;17
А. П. Чехов;17
А. П. Чехов;17
А. П. Чехов;17
А. П. Чехов;17
А. П. Чехов;18
А. П. Чехов;18
А. П. Чехов;18
А. П. Чехов;18
А. П. Чехов;18
А. П. Чехов;19
А. П. Чехов;19
А. П. Чехов;19
А. П. Чехов;19
А. П. Чехов;19
А. П. Чехов;20
А. П. Чехов;20
А. П. Чехов;20
А. П. Чехов;20
А. П. Чехов;20
А. П. Чехов;21
А. П. Чехов;21
А. П. Чехов;21
А. П. Чехов;21
А. П. Чехов;22
А. П. Чехов;22
А. П. Чехов;22
А. П. Чехов;23
А. П. Чехов;23
А. П. Чехов;23
А. П. Чехов;23
А. П. Чехов;24
А. П. Чехов;24
А. П. Чехов;24
А. П. Чехов;25
А. П. Чехов;25
А. П. Чехов;26
А. П. Чехов;26
А. П. Чехов;26
А. П. Чехов;26
А. П. Чехов;27
А. П. Чехов;28
А. П. Чехов;28
А. П. Чехов;30
А. П. Чехов;34
А. П. Чехов;35
А. П. Чехов;37
А. П. Чехов;38
А. П. Чехов;39
А. П. Чехов;40
А. П. Чехов;4
А. П. Чехов;11
А. П. Чехов;12
А. П. Чехов;13
А. П. Чехов;15
А. П. Чехов;22
А. П. Чехов;23
А. П. Чехов;30
А. П. Чехов;82
А. П. Чехов;1
А. П. Чехов;2
А. П. Чехов;4
А. П. Чехов;4
А. П. Чехов;7
А. П. Чехов;8
А. П. Чехов;11
А. П. Чехов;14
А. П. Чехов;15
А. П. Чехов;15
А. П. Чехов;15
А. П. Чехов;16
А. П. Чехов;18
А. П. Чехов;19
А. П. Чехов;21
А. П. Чехов;44
А. П. Чехов;4
А. П. Чехов;6
А. П. Чехов;6
А. П. Чехов;6
А. П. Чехов;7
А. П. Чехов;8
А. П. Чехов;8
А. П. Чехов;12
А. П. Чехов;15
А. П. Чехов;16
А. П. Чехов;16
А. П. Чехов;17
А. П. Чехов;17
А. П. Чехов;18
А. П. Чехов;20
А. П. Чехов;21
А. П. Чехов;26
А. П. Чехов;27
А. П. Чехов;27
А. П. Чехов;32
А. П. Чехов;38
А. П. Чехов;46
А. П. Чехов;2
А. П. Чехов;5
А. П. Чехов;6
А. П. Чехов;6
А. П. Чехов;7
А. П. Чехов;8
А. П. Чехов;9
А. П. Чехов;10
А. П. Чехов;11
А. П. Чехов;12
А. П. Чехов;12
А. П. Чехов;12
А. П. Чехов;13
А. П. Чехов;15
А. П. Чехов;15
А. П. Чехов;21
А. П. Чехов;22
А. П. Чехов;37
А. П. Чехов;38
А. П. Чехов;90
А. П. Чехов;1
А. П. Чехов;2
А. П. Чехов;2
А. П. Чехов;3
А. П. Чехов;5
А. П. Чехов;5
А. П. Чехов;7
А. П. Чехов;8
А. П. Чехов;10
А. П. Чехов;10
А. П. Чехов;13
А. П. Чехов;15
А. П. Чехов;17
А. П. Чехов;18
А. П. Чехов;19
А. П. Чехов;19
А. П. Чехов;20
А. П. Чехов;24
А. П. Чехов;25
А. П. Чехов;30
А. П. Чехов;34
А. П. Чехов;35
А. П. Чехов;37
А. П. Чехов;38
А. П. Чехов;40
А. П. Чехов;40
А. П. Чехов;60
А. П. Чехов;4
А. П. Чехов;5
А. П. Чехов;6
А. П. Чехов;9
А. П. Чехов;18
А. П. Чехов;20
А. П. Чехов;24
А. П. Чехов;30
А. П. Чехов;35
А. П. Чехов;41
А. П. Чехов;1
А. П. Чехов;2
А. П. Чехов;2
А. П. Чехов;4
А. П. Чехов;8
А. П. Чехов;8
А. П. Чехов;8
А. П. Чехов;9
А. П. Чехов;9
А. П. Чехов;11
А. П. Чехов;11
А. П. Чехов;11
А. П. Чехов;12
А. П. Чехов;12
А. П. Чехов;14
А. П. Чехов;15
А. П. Чехов;17
А. П. Чехов;17
А. П. Чехов;20
А. П. Чехов;20
А. П. Чехов;20
А. П. Чехов;22
А. П. Чехов;22
А. П. Чехов;23
А. П. Чехов;29
А. П. Чехов;29
А. П. Чехов;30
А. П. Чехов;35
А. П. Чехов;35
А. П. Чехов;38
А. П. Чехов;46
А. П. Чехов;50
А. П. Чехов;58
А. П. Чехов;72
А. П. Чехов;5
А. П. Чехов;7
А. П. Чехов;9
А. П. Чехов;14
А. П. Чехов;22
А. П. Чехов;22
А. П. Чехов;23
А. П. Чехов;30
А. П. Чехов;30
А. П. Чехов;30
А. П. Чехов;40
А. П. Чехов;86
А. П. Чехов;3
А. П. Чехов;10
А. П. Чехов;12
А. П. Чехов;13
А. П. Чехов;16
А. П. Чехов;16
А. П. Чехов;20
А. П. Чехов;23
А. П. Чехов;25
А. П. Чехов;28
А. П. Чехов;32
А. П. Чехов;38
А. П. Чехов;42
А. П. Чехов;43
А. П. Чехов;44
А. П. Чехов;96
А. П. Чехов;4
А. П. Чехов;4
А. П. Чехов;7
А. П. Чехов;10
А. П. Чехов;12
А. П. Чехов;19
А. П. Чехов;19
А. П. Чехов;19
А. П. Чехов;20
А. П. Чехов;20
А. П. Чехов;23
А. П. Чехов;24
А. П. Чехов;24
А. П. Чехов;31
А. П. Чехов;48
А. П. Чехов;55
А. П. Чехов;56
А. П. Чехов;64
А. П. Чехов;111
А. П. Чехов;8
А. П. Чехов;11
А. П. Чехов;12
А. П. Чехов;13
А. П. Чехов;17
А. П. Чехов;18
А. П. Чехов;19
А. П. Чехов;19
А. П. Чехов;27
А. П. Чехов;36
А. П. Чехов;50
А. П. Чехов;5
А. П. Чехов;5
А. П. Чехов;6
А. П. Чехов;9
А. П. Чехов;10
А. П. Чехов;11
А. П. Чехов;12
А. П. Чехов;17
А. П. Чехов;20
А. П. Чехов;21
А. П. Чехов;26
А. П. Чехов;28
А. П. Чехов;31
А. П. Чехов;43
А. П. Чехов;49
А. П. Чехов;53
А. П. Чехов;2
А. П. Чехов;3
А. П. Чехов;3
А. П. Чехов;3
А. П. Чехов;4
А. П. Чехов;10
А. П. Чехов;11
А. П. Чехов;13
А. П. Чехов;19
А. П. Чехов;19
А. П. Чехов;20
А. П. Чехов;23
А. П. Чехов;29
А. П. Чехов;31
А. П. Чехов;33
А. П. Чехов;38
А. П. Чехов;42
А. П. Чехов;73
А. П. Чехов;74
А. П. Чехов;78
А. П. Чехов;110
А. П. Чехов;3
А. П. Чехов;3
А. П. Чехов;5
А. П. Чехов;7
А. П. Чехов;9
А. П. Чехов;16
А. П. Чехов;19
А. П. Чехов;26
А. П. Чехов;29
А. П. Чехов;30
А. П. Чехов;30
А. П. Чехов;45
А. П. Чехов;7
А. П. Чехов;9
А. П. Чехов;10
А. П. Чехов;15
А. П. Чехов;15
А. П. Чехов;25
А. П. Чехов;3
А. П. Чехов;6
А. П. Чехов;11
А. П. Чехов;35
А. П. Чехов;2
А. П. Чехов;4
А. П. Чехов;12
А. П. Чехов;15
А. П. Чехов;18
А. П. Чехов;18
А. П. Чехов;46
А. П. Чехов;49
А. П. Чехов;8
А. П. Чехов;9
А. П. Чехов;10
А. П. Чехов;12
А. П. Чехов;17
А. П. Чехов;76
А. П. Чехов;2
А. П. Чехов;3
А. П. Чехов;7
А. П. Чехов;13
А. П. Чехов;16
А. П. Чехов;16
А. П. Чехов;20
А. П. Чехов;20
А. П. Чехов;21
А. П. Чехов;35
А. П. Чехов;5
А. П. Чехов;6
А. П. Чехов;23
А. П. Чехов;27
А. П. Чехов;9
А. П. Чехов;34
А. П. Чехов;8
А. П. Чехов;9
А. П. Чехов;12
А. П. Чехов;19
А. П. Чехов;6
А. П. Чехов;7
А. П. Чехов;21
А. П. Чехов;24
Л. Н. Толстой;2
Л. Н. Толстой;25
Л. Н. Толстой;2
Л. Н. Толстой;14
Л. Н. Толстой;31
Л. Н. Толстой;31
Л. Н. Толстой;9
Л. Н. Толстой;11
Л. Н. Толстой;10
Л. Н. Толстой;17
Л. Н. Толстой;18
Л. Н. Толстой;20
Л. Н. Толстой;20
Л. Н. Толстой;20
Л. Н. Толстой;21
Л. Н. Толстой;25
Л. Н. Толстой;26
Л. Н. Толстой;56
Л. Н. Толстой;1
Л. Н. Толстой;10
Л. Н. Толстой;15
Л. Н. Толстой;29
Л. Н. Толстой;46
Л. Н. Толстой;55
Л. Н. Толстой;21
Л. Н. Толстой;58
Л. Н. Толстой;19
Л. Н. Толстой;20
Л. Н. Толстой;15
Л. Н. Толстой;17
Л. Н. Толстой;7
Л. Н. Толстой;7
Л. Н. Толстой;27
Л. Н. Толстой;29
Л. Н. Толстой;5
Л. Н. Толстой;8
Л. Н. Толстой;12
Л. Н. Толстой;14
Л. Н. Толстой;17
Л. Н. Толстой;28
Л. Н. Толстой;30
Л. Н. Толстой;40
Л. Н. Толстой;58
Л. Н. Толстой;81
Л. Н. Толстой;2
Л. Н. Толстой;3
Л. Н. Толстой;3
Л. Н. Толстой;21
Л. Н. Толстой;32
Л. Н. Толстой;46
Л. Н. Толстой;51
Л. Н. Толстой;73
Л. Н. Толстой;13
Л. Н. Толстой;50
Л. Н. Толстой;4
Л. Н. Толстой;4
Л. Н. Толстой;8
Л. Н. Толстой;10
Л. Н. Толстой;11
Л. Н. Толстой;11
Л. Н. Толстой;11
Л. Н. Толстой;19
Л. Н. Толстой;21
Л. Н. Толстой;23
Л. Н. Толстой;23
Л. Н. Толстой;26
Л. Н. Толстой;26
Л. Н. Толстой;28
Л. Н. Толстой;35
Л. Н. Толстой;38
Л. Н. Толстой;38
Л. Н. Толстой;50
Л. Н. Толстой;63
Л. Н. Толстой;73
Л. Н. Толстой;7
Л. Н. Толстой;16
Л. Н. Толстой;19
Л. Н. Толстой;30
Л. Н. Толстой;43
Л. Н. Толстой;49
Л. Н. Толстой;1
Л. Н. Толстой;21
Л. Н. Толстой;8
Л. Н. Толстой;15
Л. Н. Толстой;20
Л. Н. Толстой;31
Л. Н. Толстой;17
Л. Н. Толстой;27
Л. Н. Толстой;28
Л. Н. Толстой;30
Л. Н. Толстой;13
Л. Н. Толстой;16
Л. Н. Толстой;28
Л. Н. Толстой;31
Л. Н. Толстой;9
Л. Н. Толстой;23
Л. Н. Толстой;14
Л. Н. Толстой;37
Л. Н. Толстой;11
Л. Н. Толстой;12
Л. Н. Толстой;13
Л. Н. Толстой;23
Л. Н. Толстой;32
Л. Н. Толстой;43
Л. Н. Толстой;11
Л. Н. Толстой;14
Л. Н. Толстой;21
Л. Н. Толстой;58
Л. Н. Толстой;16
Л. Н. Толстой;18
Л. Н. Толстой;28
Л. Н. Толстой;59
Л. Н. Толстой;84
Л. Н. Толстой;85
Л. Н. Толстой;19
Л. Н. Толстой;35
Л. Н. Толстой;73
Л. Н. Толстой;99
Л. Н. Толстой;9
Л. Н. Толстой;12
Л. Н. Толстой;24
Л. Н. Толстой;30
Л. Н. Толстой;57
Л. Н. Толстой;68
Л. Н. Толстой;15
Л. Н. Толстой;17
Л. Н. Толстой;18
Л. Н. Толстой;20
Л. Н. Толстой;24
Л. Н. Толстой;29
Л. Н. Толстой;31
Л. Н. Толстой;32
Л. Н. Толстой;35
Л. Н. Толстой;37
Л. Н. Толстой;43
Л. Н. Толстой;48
Л. Н. Толстой;8
Л. Н. Толстой;31
Л. Н. Толстой;70
Л. Н. Толстой;78
Л. Н. Толстой;12
Л. Н. Толстой;22
Л. Н. Толстой;23
Л. Н. Толстой;39
Л. Н. Толстой;67
Л. Н. Толстой;145
Л. Н. Толстой;8
Л. Н. Толстой;22
Л. Н. Толстой;28
Л. Н. Толстой;50
Л. Н. Толстой;16
Л. Н. Толстой;27
Л. Н. Толстой;16
Л. Н. Толстой;20
Л. Н. Толстой;24
Л. Н. Толстой;34
Л. Н. Толстой;49
Л. Н. Толстой;63
Л. Н. Толстой;21
Л. Н. Толстой;72
Л. Н. Толстой;41
Л. Н. Толстой;55
Л. Н. Толстой;2
Л. Н. Толстой;6
Л. Н. Толстой;17
Л. Н. Толстой;20
Л. Н. Толстой;22
Л. Н. Толстой;23
Л. Н. Толстой;24
Л. Н. Толстой;35
Л. Н. Толстой;41
Л. Н. Толстой;53
Л. Н. Толстой;56
Л. Н. Толстой;66
Л. Н. Толстой;67
Л. Н. Толстой;275
Л. Н. Толстой;9
Л. Н. Толстой;10
Л. Н. Толстой;27
Л. Н. Толстой;29
Л. Н. Толстой;30
Л. Н. Толстой;98
Л. Н. Толстой;127
Л. Н. Толстой;16
Л. Н. Толстой;38
Л. Н. Толстой;38
Л. Н. Толстой;40
Л. Н. Толстой;53
Л. Н. Толстой;70
Л. Н. Толстой;90
Л. Н. Толстой;26
